Country,Year,"# of Intentional Homicides per 100,000 people","# Robberies per 100,000 people",country_code,Intentional Homicides - Robberies
Albania,2005,4.99,0.0,ALB,5.0
Albania,2006,3.1,0.0,ALB,3.0
Albania,2007,3.46,0.0,ALB,3.0
Albania,2008,3.1,0.0,ALB,3.0
Albania,2009,2.86,0.0,ALB,3.0
Albania,2010,4.31,0.0,ALB,4.0
Albania,2011,4.85,0.0,ALB,5.0
Albania,2012,5.39,0.0,ALB,5.0
Albania,2013,4.27,0.0,ALB,4.0
Albania,2014,4.04,0.0,ALB,4.0
Albania,2015,2.21,0.0,ALB,2.0
Albania,2016,2.74,0.0,ALB,3.0
Albania,2017,2.01,0.0,ALB,2.0
Algeria,2005,0.62,0.25,DZA,0.0
Algeria,2006,0.93,0.21,DZA,1.0
Algeria,2007,0.79,0.21,DZA,1.0
Algeria,2008,0.94,0.2,DZA,1.0
Algeria,2009,0.78,0.19,DZA,1.0
Algeria,2010,0.71,0.18,DZA,1.0
Algeria,2011,0.76,0.19,DZA,1.0
Algeria,2012,1.4,0.11,DZA,1.0
Algeria,2013,1.26,0.18,DZA,1.0
Algeria,2014,1.48,0.21,DZA,1.0
Algeria,2015,1.36,0.26,DZA,1.0
Andorra,2008,1.19,0.0,AND,1.0
Andorra,2011,1.19,0.0,AND,1.0
Argentina,2005,5.65,3.55,ARG,2.0
Argentina,2006,5.37,3.54,ARG,2.0
Argentina,2007,5.39,3.39,ARG,2.0
Argentina,2008,5.92,3.87,ARG,2.0
Argentina,2014,7.57,4.84,ARG,3.0
Argentina,2015,6.59,4.43,ARG,2.0
Argentina,2016,6.03,4.37,ARG,2.0
Argentina,2017,5.21,4.05,ARG,1.0
Armenia,2003,2.52,0.0,ARM,3.0
Armenia,2004,2.77,0.0,ARM,3.0
Armenia,2005,1.95,0.0,ARM,2.0
Armenia,2006,2.67,0.0,ARM,3.0
Armenia,2007,2.63,0.0,ARM,3.0
Armenia,2008,3.34,0.0,ARM,3.0
Armenia,2009,3.36,0.0,ARM,3.0
Armenia,2010,1.95,0.0,ARM,2.0
Armenia,2011,2.47,0.0,ARM,2.0
Armenia,2012,2.25,0.0,ARM,2.0
Armenia,2013,2.17,0.0,ARM,2.0
Armenia,2014,2.47,0.0,ARM,2.0
Armenia,2015,2.56,0.0,ARM,3.0
Armenia,2016,2.96,0.0,ARM,3.0
Armenia,2017,2.38,0.0,ARM,2.0
Australia,2010,1.04,0.15,AUS,1.0
Australia,2011,1.1,0.14,AUS,1.0
Australia,2012,1.06,0.13,AUS,1.0
Australia,2013,1.05,0.12,AUS,1.0
Australia,2014,1.03,0.1,AUS,1.0
Australia,2015,0.99,0.09,AUS,1.0
Australia,2016,0.94,0.09,AUS,1.0
Australia,2017,0.83,0.1,AUS,1.0
Austria,2004,0.72,0.05,AUT,1.0
Austria,2005,0.65,0.05,AUT,1.0
Austria,2006,0.74,0.05,AUT,1.0
Austria,2007,0.54,0.05,AUT,0.0
Austria,2008,0.7,0.05,AUT,1.0
Austria,2009,0.61,0.05,AUT,1.0
Austria,2010,0.69,0.04,AUT,1.0
Austria,2011,0.89,0.04,AUT,1.0
Austria,2012,0.93,0.04,AUT,1.0
Austria,2013,0.72,0.04,AUT,1.0
Austria,2014,0.52,0.03,AUT,0.0
Austria,2015,0.53,0.03,AUT,0.0
Austria,2016,0.65,0.03,AUT,1.0
Azerbaijan,2003,2.19,0.0,AZE,2.0
Azerbaijan,2004,2.38,0.0,AZE,2.0
Azerbaijan,2005,2.25,0.0,AZE,2.0
Azerbaijan,2006,2.2,0.0,AZE,2.0
Azerbaijan,2010,2.28,0.0,AZE,2.0
Azerbaijan,2012,2.18,0.0,AZE,2.0
Azerbaijan,2013,2.35,0.0,AZE,2.0
Azerbaijan,2014,2.48,0.0,AZE,2.0
Azerbaijan,2016,2.14,0.0,AZE,2.0
Azerbaijan,2017,2.04,0.0,AZE,2.0
Bahamas,2009,24.89,0.0,BHS,25.0
Bahamas,2010,26.48,0.0,BHS,26.0
Bahamas,2011,35.32,0.0,BHS,35.0
Bahamas,2012,30.53,0.0,BHS,31.0
Bahamas,2014,33.46,0.01,BHS,33.0
Bahamas,2015,39.02,0.01,BHS,39.0
Bahamas,2016,29.37,0.01,BHS,29.0
Bahamas,2017,31.96,0.01,BHS,32.0
Bahrain,2003,0.39,0.0,BHR,0.0
Bahrain,2004,0.84,0.0,BHR,1.0
Bahrain,2005,0.45,0.0,BHR,0.0
Bahrain,2006,0.73,0.0,BHR,1.0
Bahrain,2007,0.39,0.0,BHR,0.0
Bahrain,2008,0.54,0.0,BHR,1.0
Bangladesh,2005,2.58,0.01,BGD,3.0
Bangladesh,2006,2.96,0.01,BGD,3.0
Barbados,2004,7.99,0.0,BRB,8.0
Barbados,2005,10.5,0.0,BRB,10.0
Barbados,2006,12.61,0.0,BRB,13.0
Barbados,2007,8.97,0.0,BRB,9.0
Barbados,2008,8.22,0.0,BRB,8.0
Barbados,2009,6.76,0.0,BRB,7.0
Barbados,2010,10.99,0.0,BRB,11.0
Barbados,2011,9.54,0.0,BRB,10.0
Barbados,2012,7.75,0.01,BRB,8.0
Barbados,2013,8.44,0.0,BRB,8.0
Barbados,2014,8.78,0.0,BRB,9.0
Barbados,2015,10.86,0.0,BRB,11.0
Barbados,2016,7.7,0.0,BRB,8.0
Belarus,2003,9.08,0.1,BLR,9.0
Belarus,2004,8.47,0.11,BLR,8.0
Belarus,2005,8.63,0.12,BLR,9.0
Belarus,2006,7.71,0.1,BLR,8.0
Belarus,2007,6.85,0.09,BLR,7.0
Belarus,2008,5.84,0.07,BLR,6.0
Belarus,2009,5.16,0.06,BLR,5.0
Belarus,2010,4.26,0.05,BLR,4.0
Belarus,2011,3.96,0.04,BLR,4.0
Belarus,2012,3.61,0.03,BLR,4.0
Belarus,2013,3.53,0.03,BLR,4.0
Belarus,2014,3.6,0.02,BLR,4.0
Belgium,2003,2.21,2.17,BEL,0.0
Belgium,2004,2.56,1.98,BEL,1.0
Belgium,2005,2.1,1.92,BEL,0.0
Belgium,2006,2.08,2.05,BEL,0.0
Belgium,2007,1.97,2.02,BEL,-0.0
Belgium,2008,1.88,1.99,BEL,-0.0
Belgium,2009,1.74,1.89,BEL,-0.0
Belgium,2010,1.73,0.24,BEL,1.0
Belgium,2011,1.94,0.27,BEL,2.0
Belgium,2012,1.85,0.26,BEL,2.0
Belgium,2013,1.84,0.23,BEL,2.0
Belgium,2014,1.87,0.22,BEL,2.0
Belgium,2015,2.04,0.22,BEL,2.0
Belgium,2016,1.53,0.21,BEL,1.0
Belgium,2017,1.69,0.19,BEL,2.0
Belize,2005,28.54,0.01,BLZ,29.0
Belize,2006,31.58,0.01,BLZ,32.0
Belize,2009,30.83,0.01,BLZ,31.0
Belize,2010,40.0,0.0,BLZ,40.0
Belize,2011,37.55,0.0,BLZ,38.0
Belize,2012,42.9,0.0,BLZ,43.0
Belize,2013,28.64,0.0,BLZ,29.0
Belize,2014,34.81,0.0,BLZ,35.0
Belize,2015,32.97,0.0,BLZ,33.0
Belize,2016,37.46,0.0,BLZ,37.0
Benin,2017,1.13,0.0,BEN,1.0
Bhutan,2008,2.68,0.0,BTN,3.0
Bhutan,2009,2.36,0.0,BTN,2.0
Bhutan,2010,2.33,0.0,BTN,2.0
Bhutan,2011,4.62,0.0,BTN,5.0
Bhutan,2012,4.7,0.0,BTN,5.0
Bhutan,2013,3.38,0.0,BTN,3.0
Bhutan,2015,1.65,0.0,BTN,2.0
Bhutan,2016,1.22,0.0,BTN,1.0
Bhutan,2017,1.74,0.0,BTN,2.0
Bolivia,2005,5.18,0.09,BOL,5.0
Bolivia,2006,5.13,0.09,BOL,5.0
Bolivia,2007,8.06,0.1,BOL,8.0
Bolivia,2008,8.52,0.13,BOL,8.0
Bolivia,2009,8.29,0.13,BOL,8.0
Bolivia,2010,12.67,0.12,BOL,13.0
Bolivia,2011,12.1,0.12,BOL,12.0
Bolivia,2012,11.77,0.14,BOL,12.0
Bosnia and Herzegovina,2005,1.86,0.01,BIH,2.0
Bosnia and Herzegovina,2006,1.94,0.01,BIH,2.0
Bosnia and Herzegovina,2007,1.75,0.01,BIH,2.0
Bosnia and Herzegovina,2008,1.76,0.01,BIH,2.0
Bosnia and Herzegovina,2011,1.39,0.01,BIH,1.0
Bosnia and Herzegovina,2012,1.75,0.01,BIH,2.0
Bosnia and Herzegovina,2013,1.3,0.01,BIH,1.0
Bosnia and Herzegovina,2014,1.44,0.01,BIH,1.0
Bosnia and Herzegovina,2016,1.33,0.01,BIH,1.0
Bosnia and Herzegovina,2017,1.25,0.01,BIH,1.0
Botswana,2009,14.79,0.03,BWA,15.0
Botswana,2010,15.25,0.02,BWA,15.0
Brazil,2006,23.96,8.95,BRA,15.0
Brazil,2007,23.47,9.28,BRA,14.0
Brazil,2008,23.89,9.35,BRA,15.0
Brazil,2009,22.96,9.11,BRA,14.0
Brazil,2010,22.11,10.81,BRA,11.0
Brazil,2011,24.34,10.87,BRA,13.0
Brazil,2012,26.62,9.8,BRA,17.0
Brazil,2013,26.94,10.13,BRA,17.0
Brunei Darussalam,2003,0.85,0.0,BRN,1.0
Brunei Darussalam,2004,0.56,0.0,BRN,1.0
Brunei Darussalam,2005,0.55,0.0,BRN,1.0
Brunei Darussalam,2006,0.81,0.0,BRN,1.0
Bulgaria,2003,3.16,0.05,BGR,3.0
Bulgaria,2004,3.15,0.04,BGR,3.0
Bulgaria,2005,2.59,0.04,BGR,3.0
Bulgaria,2006,2.44,0.03,BGR,2.0
Bulgaria,2007,2.34,0.03,BGR,2.0
Bulgaria,2008,2.29,0.03,BGR,2.0
Bulgaria,2009,2.01,0.04,BGR,2.0
Bulgaria,2010,1.99,0.04,BGR,2.0
Bulgaria,2011,1.73,0.03,BGR,2.0
Bulgaria,2012,1.92,0.03,BGR,2.0
Bulgaria,2013,1.5,0.03,BGR,1.0
Bulgaria,2014,1.57,0.02,BGR,2.0
Bulgaria,2015,1.75,0.02,BGR,2.0
Bulgaria,2016,1.1,0.02,BGR,1.0
Bulgaria,2017,1.45,0.02,BGR,1.0
Burundi,2008,4.2,0.04,BDI,4.0
Burundi,2009,4.48,0.04,BDI,4.0
Burundi,2010,4.0,0.03,BDI,4.0
Burundi,2011,3.9,0.04,BDI,4.0
Burundi,2012,5.41,0.04,BDI,5.0
Burundi,2013,5.45,0.04,BDI,5.0
Burundi,2014,5.73,0.04,BDI,6.0
Cabo Verde,2010,7.92,0.03,CPV,8.0
Cabo Verde,2011,10.62,0.03,CPV,11.0
Cabo Verde,2012,11.08,0.04,CPV,11.0
Cabo Verde,2013,10.55,0.04,CPV,11.0
Cabo Verde,2014,12.54,0.04,CPV,12.0
Cabo Verde,2015,8.77,0.05,CPV,9.0
Cameroon,2009,6.45,0.1,CMR,6.0
Cameroon,2010,4.91,0.16,CMR,5.0
Cameroon,2011,3.99,0.18,CMR,4.0
Cameroon,2012,4.1,0.16,CMR,4.0
Cameroon,2014,0.93,0.04,CMR,1.0
Cameroon,2015,1.15,0.05,CMR,1.0
Cameroon,2016,1.15,0.04,CMR,1.0
Cameroon,2017,1.39,0.04,CMR,1.0
Canada,2003,1.74,0.32,CAN,1.0
Canada,2004,1.96,0.31,CAN,2.0
Canada,2005,2.06,0.32,CAN,2.0
Canada,2006,1.87,0.35,CAN,2.0
Canada,2007,1.81,0.34,CAN,1.0
Canada,2008,1.84,0.32,CAN,2.0
Canada,2009,1.81,0.32,CAN,1.0
Canada,2010,1.63,0.3,CAN,1.0
Canada,2011,1.75,0.3,CAN,1.0
Canada,2012,1.57,0.28,CAN,1.0
Canada,2013,1.44,0.23,CAN,1.0
Canada,2014,1.46,0.21,CAN,1.0
Canada,2015,1.69,0.22,CAN,1.0
Canada,2016,1.68,0.22,CAN,1.0
Canada,2017,1.8,0.23,CAN,2.0
Chile,2005,3.56,0.65,CHL,3.0
Chile,2006,3.61,0.78,CHL,3.0
Chile,2007,3.73,0.93,CHL,3.0
Chile,2008,3.52,0.9,CHL,3.0
Chile,2009,3.73,0.92,CHL,3.0
Chile,2010,3.17,0.82,CHL,2.0
Chile,2011,3.69,0.92,CHL,3.0
Chile,2012,2.49,0.82,CHL,2.0
Chile,2013,3.16,0.93,CHL,2.0
Chile,2014,2.47,1.06,CHL,1.0
Chile,2015,3.39,1.06,CHL,2.0
Chile,2016,3.36,1.16,CHL,2.0
Chile,2017,4.22,1.17,CHL,3.0
Colombia,2004,48.03,0.55,COL,47.0
Colombia,2005,42.47,0.41,COL,42.0
Colombia,2006,40.46,0.55,COL,40.0
Colombia,2007,39.32,0.51,COL,39.0
Colombia,2008,36.47,0.48,COL,36.0
Colombia,2009,35.35,0.61,COL,35.0
Colombia,2010,34.18,0.61,COL,34.0
Colombia,2011,35.32,0.68,COL,35.0
Colombia,2012,35.68,0.83,COL,35.0
Colombia,2013,33.16,0.94,COL,32.0
Colombia,2014,28.41,0.94,COL,27.0
Colombia,2015,26.9,1.01,COL,26.0
Colombia,2016,25.74,1.47,COL,24.0
Colombia,2017,25.02,1.2,COL,24.0
Costa Rica,2003,7.2,0.17,CRI,7.0
Costa Rica,2004,6.63,0.2,CRI,6.0
Costa Rica,2005,7.82,0.21,CRI,8.0
Costa Rica,2006,8.08,0.41,CRI,8.0
Costa Rica,2007,8.38,0.4,CRI,8.0
Costa Rica,2008,11.47,0.43,CRI,11.0
Costa Rica,2009,11.61,0.46,CRI,11.0
Costa Rica,2010,11.51,0.43,CRI,11.0
Costa Rica,2011,10.23,0.4,CRI,10.0
Costa Rica,2013,8.67,0.48,CRI,8.0
Costa Rica,2014,9.95,0.88,CRI,9.0
Costa Rica,2015,11.49,0.82,CRI,11.0
Costa Rica,2016,11.8,0.76,CRI,11.0
Costa Rica,2017,12.18,0.79,CRI,11.0
Croatia,2003,1.57,0.01,HRV,2.0
Croatia,2004,1.89,0.02,HRV,2.0
Croatia,2005,1.55,0.02,HRV,2.0
Croatia,2006,1.69,0.01,HRV,2.0
Croatia,2007,1.42,0.01,HRV,1.0
Croatia,2008,1.63,0.01,HRV,2.0
Croatia,2009,1.13,0.01,HRV,1.0
Croatia,2010,1.43,0.01,HRV,1.0
Croatia,2011,1.14,0.01,HRV,1.0
Croatia,2012,1.19,0.02,HRV,1.0
Croatia,2013,1.08,0.02,HRV,1.0
Croatia,2014,0.85,0.01,HRV,1.0
Croatia,2015,0.87,0.01,HRV,1.0
Croatia,2016,1.05,0.01,HRV,1.0
Croatia,2017,1.1,0.01,HRV,1.0
Cyprus,2003,1.41,0.0,CYP,1.0
Cyprus,2004,1.58,0.0,CYP,2.0
Cyprus,2005,1.95,0.0,CYP,2.0
Cyprus,2006,1.43,0.0,CYP,1.0
Cyprus,2007,1.22,0.0,CYP,1.0
Cyprus,2008,0.83,0.0,CYP,1.0
Cyprus,2009,1.73,0.0,CYP,2.0
Cyprus,2010,0.72,0.0,CYP,1.0
Cyprus,2011,0.8,0.0,CYP,1.0
Cyprus,2012,1.94,0.0,CYP,2.0
Cyprus,2013,1.05,0.0,CYP,1.0
Cyprus,2014,0.95,0.0,CYP,1.0
Cyprus,2015,1.29,0.0,CYP,1.0
Cyprus,2016,1.11,0.0,CYP,1.0
Cyprus,2017,0.59,0.0,CYP,1.0
Czechia,2003,1.59,0.06,CZE,2.0
Czechia,2004,1.31,0.06,CZE,1.0
Czechia,2005,1.05,0.06,CZE,1.0
Czechia,2006,1.26,0.05,CZE,1.0
Czechia,2007,1.22,0.05,CZE,1.0
Czechia,2008,1.09,0.05,CZE,1.0
Czechia,2009,0.9,0.05,CZE,1.0
Czechia,2010,0.98,0.04,CZE,1.0
Czechia,2011,0.81,0.04,CZE,1.0
Czechia,2012,0.99,0.03,CZE,1.0
Czechia,2013,0.85,0.03,CZE,1.0
Czechia,2014,0.76,0.03,CZE,1.0
Czechia,2015,0.83,0.02,CZE,1.0
Czechia,2016,0.61,0.02,CZE,1.0
Czechia,2017,0.62,0.02,CZE,1.0
Denmark,2003,1.21,0.03,DNK,1.0
Denmark,2004,0.8,0.03,DNK,1.0
Denmark,2005,0.98,0.03,DNK,1.0
Denmark,2006,0.53,0.03,DNK,0.0
Denmark,2007,0.71,0.03,DNK,1.0
Denmark,2008,0.98,0.03,DNK,1.0
Denmark,2009,0.85,0.04,DNK,1.0
Denmark,2010,0.76,0.03,DNK,1.0
Denmark,2011,0.82,0.03,DNK,1.0
Denmark,2012,0.84,0.03,DNK,1.0
Denmark,2013,0.85,0.03,DNK,1.0
Denmark,2014,1.31,0.02,DNK,1.0
Denmark,2015,1.09,0.02,DNK,1.0
Denmark,2016,0.98,0.02,DNK,1.0
Denmark,2017,1.24,0.02,DNK,1.0
Dominican Republic,2012,22.84,0.02,DOM,23.0
Dominican Republic,2014,17.81,0.08,DOM,18.0
Dominican Republic,2016,15.54,0.07,DOM,15.0
Ecuador,2003,14.49,0.31,ECU,14.0
Ecuador,2004,17.58,0.31,ECU,17.0
Ecuador,2005,15.34,0.48,ECU,15.0
Ecuador,2006,16.96,0.53,ECU,16.0
Ecuador,2009,17.77,0.52,ECU,17.0
Ecuador,2010,17.47,0.54,ECU,17.0
Ecuador,2011,15.38,0.72,ECU,15.0
Ecuador,2012,12.43,0.86,ECU,12.0
Ecuador,2013,10.98,0.94,ECU,10.0
Ecuador,2014,8.22,0.89,ECU,7.0
Ecuador,2015,6.49,0.94,ECU,6.0
Ecuador,2016,5.84,0.82,ECU,5.0
Ecuador,2017,5.79,0.77,ECU,5.0
Egypt,2003,0.65,0.0,EGY,1.0
Egypt,2004,0.43,0.0,EGY,0.0
Egypt,2005,0.69,0.0,EGY,1.0
Egypt,2006,0.71,0.01,EGY,1.0
Egypt,2007,0.87,0.01,EGY,1.0
Egypt,2008,1.21,0.01,EGY,1.0
Egypt,2009,1.12,0.01,EGY,1.0
Egypt,2010,2.22,0.01,EGY,2.0
Egypt,2011,3.2,0.03,EGY,3.0
El Salvador,2005,64.14,0.05,SLV,64.0
El Salvador,2006,64.6,0.06,SLV,65.0
El Salvador,2007,57.27,0.06,SLV,57.0
El Salvador,2008,51.84,0.06,SLV,52.0
El Salvador,2009,71.16,0.06,SLV,71.0
El Salvador,2010,64.47,0.05,SLV,64.0
El Salvador,2011,70.38,0.06,SLV,70.0
El Salvador,2012,41.58,0.06,SLV,42.0
El Salvador,2013,40.1,0.05,SLV,40.0
El Salvador,2014,62.29,0.05,SLV,62.0
El Salvador,2015,105.23,0.05,SLV,105.0
Estonia,2003,10.71,0.02,EST,11.0
Estonia,2004,6.67,0.02,EST,7.0
Estonia,2005,8.34,0.01,EST,8.0
Estonia,2006,6.74,0.01,EST,7.0
Estonia,2007,7.14,0.01,EST,7.0
Estonia,2008,6.42,0.01,EST,6.0
Estonia,2009,5.24,0.01,EST,5.0
Estonia,2010,5.25,0.01,EST,5.0
Estonia,2011,4.9,0.01,EST,5.0
Estonia,2012,4.76,0.0,EST,5.0
Estonia,2013,3.94,0.0,EST,4.0
Estonia,2014,3.11,0.0,EST,3.0
Estonia,2015,3.42,0.0,EST,3.0
Estonia,2017,2.2,0.0,EST,2.0
Eswatini,2003,13.2,0.03,SWZ,13.0
Eswatini,2004,14.23,0.03,SWZ,14.0
Finland,2003,1.97,0.02,FIN,2.0
Finland,2004,2.82,0.02,FIN,3.0
Finland,2005,2.26,0.02,FIN,2.0
Finland,2006,2.25,0.02,FIN,2.0
Finland,2007,2.44,0.02,FIN,2.0
Finland,2008,2.5,0.02,FIN,2.0
Finland,2009,2.25,0.02,FIN,2.0
Finland,2010,2.22,0.02,FIN,2.0
Finland,2011,2.04,0.02,FIN,2.0
Finland,2012,1.63,0.02,FIN,2.0
Finland,2013,1.64,0.02,FIN,2.0
Finland,2014,1.61,0.02,FIN,2.0
Finland,2015,1.5,0.02,FIN,1.0
Finland,2016,1.35,0.02,FIN,1.0
Finland,2017,1.25,0.02,FIN,1.0
France,2003,1.64,1.25,FRA,0.0
France,2004,1.63,1.2,FRA,0.0
France,2005,1.6,1.25,FRA,0.0
France,2006,1.43,1.27,FRA,0.0
France,2007,1.6,1.13,FRA,0.0
France,2008,1.64,1.07,FRA,1.0
France,2009,1.31,1.13,FRA,0.0
France,2010,1.27,1.21,FRA,0.0
France,2011,1.35,1.21,FRA,0.0
France,2012,1.23,1.24,FRA,-0.0
France,2013,1.22,1.25,FRA,-0.0
France,2014,1.23,1.14,FRA,0.0
France,2015,1.57,1.04,FRA,1.0
France,2016,1.35,1.04,FRA,0.0
France,2017,1.27,1.0,FRA,0.0
Germany,2003,1.05,0.6,DEU,0.0
Germany,2004,1.06,0.6,DEU,0.0
Germany,2005,1.06,0.55,DEU,1.0
Germany,2006,0.99,0.54,DEU,0.0
Germany,2007,0.93,0.53,DEU,0.0
Germany,2008,0.89,0.5,DEU,0.0
Germany,2009,0.99,0.49,DEU,0.0
Germany,2010,0.98,0.48,DEU,0.0
Germany,2011,0.91,0.48,DEU,0.0
Germany,2012,0.81,0.49,DEU,0.0
Germany,2013,0.84,0.47,DEU,0.0
Germany,2014,0.88,0.45,DEU,0.0
Germany,2015,0.83,0.45,DEU,0.0
Germany,2016,1.17,0.43,DEU,1.0
Germany,2017,0.98,0.39,DEU,1.0
Greece,2003,1.09,0.02,GRC,1.0
Greece,2004,0.99,0.02,GRC,1.0
Greece,2005,1.18,0.02,GRC,1.0
Greece,2006,0.98,0.02,GRC,1.0
Greece,2007,1.17,0.03,GRC,1.0
Greece,2008,1.3,0.03,GRC,1.0
Greece,2009,1.39,0.05,GRC,1.0
Greece,2010,1.62,0.06,GRC,2.0
Greece,2011,1.7,0.07,GRC,2.0
Greece,2012,1.54,0.06,GRC,1.0
Greece,2013,1.42,0.05,GRC,1.0
Greece,2014,1.0,0.04,GRC,1.0
Greece,2015,0.87,0.04,GRC,1.0
Greece,2016,0.79,0.05,GRC,1.0
Greece,2017,0.81,0.04,GRC,1.0
Grenada,2005,10.51,0.0,GRD,11.0
Grenada,2006,11.44,0.0,GRD,11.0
Grenada,2007,10.46,0.0,GRD,10.0
Grenada,2008,15.17,0.0,GRD,15.0
Grenada,2009,6.62,0.0,GRD,7.0
Grenada,2010,9.41,0.0,GRD,9.0
Grenada,2011,3.75,0.0,GRD,4.0
Grenada,2012,13.03,0.0,GRD,13.0
Grenada,2013,5.55,0.0,GRD,6.0
Grenada,2014,7.35,0.0,GRD,7.0
Grenada,2015,5.47,0.0,GRD,5.0
Grenada,2016,9.98,0.0,GRD,10.0
Grenada,2017,10.82,0.0,GRD,11.0
Guatemala,2004,35.22,0.12,GTM,35.0
Guatemala,2005,40.76,0.11,GTM,41.0
Guatemala,2006,43.93,0.09,GTM,44.0
Guatemala,2007,42.2,0.1,GTM,42.0
Guatemala,2008,44.92,0.1,GTM,45.0
Guatemala,2009,45.39,0.04,GTM,45.0
Guatemala,2010,40.74,0.03,GTM,41.0
Guatemala,2011,38.0,0.03,GTM,38.0
Guatemala,2012,33.76,0.04,GTM,34.0
Guatemala,2013,33.68,0.94,GTM,33.0
Guatemala,2014,31.39,0.55,GTM,31.0
Guatemala,2015,29.4,0.5,GTM,29.0
Guatemala,2016,27.26,0.45,GTM,27.0
Guinea-Bissau,2013,4.91,0.01,GNB,5.0
Guinea-Bissau,2014,3.84,0.01,GNB,4.0
Guinea-Bissau,2015,2.76,0.0,GNB,3.0
Guinea-Bissau,2016,3.59,0.0,GNB,4.0
Guyana,2009,15.65,0.01,GUY,16.0
Guyana,2010,18.68,0.01,GUY,19.0
Guyana,2011,17.29,0.01,GUY,17.0
Guyana,2012,18.4,0.01,GUY,18.0
Guyana,2013,20.41,0.02,GUY,20.0
Guyana,2015,19.42,0.01,GUY,19.0
Guyana,2016,18.41,0.01,GUY,18.0
Guyana,2017,14.83,0.01,GUY,15.0
Honduras,2011,83.77,0.25,HND,84.0
Honduras,2012,83.0,0.2,HND,83.0
Honduras,2013,73.09,0.14,HND,73.0
Honduras,2014,65.78,0.15,HND,66.0
Honduras,2015,56.49,0.1,HND,56.0
Honduras,2016,55.55,0.17,HND,55.0
Honduras,2017,40.98,0.11,HND,41.0
Hungary,2003,2.25,0.03,HUN,2.0
Hungary,2004,2.07,0.03,HUN,2.0
Hungary,2005,1.63,0.03,HUN,2.0
Hungary,2006,1.73,0.03,HUN,2.0
Hungary,2007,1.54,0.03,HUN,2.0
Hungary,2008,1.81,0.03,HUN,2.0
Hungary,2009,1.4,0.03,HUN,1.0
Hungary,2010,1.39,0.03,HUN,1.0
Hungary,2011,1.47,0.03,HUN,1.0
Hungary,2012,1.26,0.03,HUN,1.0
Hungary,2013,1.57,0.02,HUN,2.0
Hungary,2014,1.49,0.02,HUN,1.0
Hungary,2015,2.26,0.01,HUN,2.0
Hungary,2016,2.07,0.01,HUN,2.0
Hungary,2017,2.49,0.01,HUN,2.0
Iceland,2016,0.3,0.0,ISL,0.0
Iceland,2017,0.9,0.0,ISL,1.0
Italy,2003,1.25,0.42,ITA,1.0
Italy,2004,1.23,0.46,ITA,1.0
Italy,2005,1.05,0.66,ITA,0.0
Italy,2006,1.07,0.71,ITA,0.0
Italy,2007,1.07,0.74,ITA,0.0
Italy,2008,1.04,0.65,ITA,0.0
Italy,2009,1.0,0.51,ITA,0.0
Italy,2010,0.89,0.48,ITA,0.0
Italy,2011,0.93,0.58,ITA,0.0
Italy,2012,0.89,0.63,ITA,0.0
Italy,2013,0.83,0.64,ITA,0.0
Italy,2014,0.79,0.39,ITA,0.0
Italy,2015,0.77,0.35,ITA,0.0
Italy,2016,0.66,0.33,ITA,0.0
Italy,2017,0.61,0.31,ITA,0.0
Jamaica,2006,48.65,0.02,JAM,49.0
Jamaica,2007,57.22,0.02,JAM,57.0
Jamaica,2008,58.2,0.03,JAM,58.0
Jamaica,2009,60.2,0.03,JAM,60.0
Jamaica,2010,51.49,0.03,JAM,51.0
Jamaica,2011,40.09,0.03,JAM,40.0
Jamaica,2012,38.67,0.03,JAM,39.0
Jamaica,2013,42.01,0.03,JAM,42.0
Jamaica,2014,34.95,0.02,JAM,35.0
Jamaica,2015,41.78,0.02,JAM,42.0
Jamaica,2016,46.59,0.01,JAM,47.0
Jamaica,2017,56.39,0.01,JAM,56.0
Japan,2004,0.55,0.07,JPN,0.0
Japan,2005,0.5,0.06,JPN,0.0
Japan,2006,0.48,0.05,JPN,0.0
Japan,2007,0.45,0.05,JPN,0.0
Japan,2008,0.51,0.04,JPN,0.0
Japan,2009,0.39,0.05,JPN,0.0
Japan,2010,0.36,0.04,JPN,0.0
Japan,2011,0.34,0.04,JPN,0.0
Japan,2012,0.33,0.04,JPN,0.0
Japan,2013,0.29,0.03,JPN,0.0
Japan,2014,0.31,0.03,JPN,0.0
Japan,2015,0.28,0.02,JPN,0.0
Japan,2016,0.28,0.02,JPN,0.0
Jordan,2005,1.16,0.01,JOR,1.0
Jordan,2006,1.67,0.01,JOR,2.0
Jordan,2017,1.36,0.01,JOR,1.0
Kazakhstan,2008,11.39,0.11,KAZ,11.0
Kazakhstan,2009,11.04,0.09,KAZ,11.0
Kazakhstan,2010,8.53,0.11,KAZ,8.0
Kazakhstan,2011,8.61,0.18,KAZ,8.0
Kazakhstan,2012,7.56,0.2,KAZ,7.0
Kazakhstan,2013,6.58,0.19,KAZ,6.0
Kazakhstan,2014,5.22,0.14,KAZ,5.0
Kazakhstan,2015,4.85,0.12,KAZ,5.0
Kazakhstan,2017,5.06,0.09,KAZ,5.0
Kenya,2004,3.37,0.08,KEN,3.0
Kenya,2005,2.96,0.07,KEN,3.0
Kenya,2006,2.94,0.05,KEN,3.0
Kenya,2007,2.85,0.03,KEN,3.0
Kenya,2008,3.05,0.03,KEN,3.0
Kenya,2009,4.66,0.03,KEN,5.0
Kenya,2010,4.58,0.03,KEN,5.0
Kenya,2011,5.26,0.03,KEN,5.0
Kenya,2012,5.35,0.03,KEN,5.0
Kenya,2013,5.38,0.04,KEN,5.0
Kenya,2014,4.94,0.03,KEN,5.0
Kenya,2015,4.72,0.03,KEN,5.0
Kenya,2016,4.82,0.03,KEN,5.0
Kenya,2017,4.91,0.03,KEN,5.0
Kuwait,2004,1.95,0.0,KWT,2.0
Kuwait,2005,1.81,0.0,KWT,2.0
Kuwait,2006,1.9,0.01,KWT,2.0
Kuwait,2007,2.36,0.01,KWT,2.0
Kuwait,2008,1.43,0.01,KWT,1.0
Kuwait,2009,1.74,0.01,KWT,2.0
Kyrgyzstan,2005,9.67,0.03,KGZ,10.0
Kyrgyzstan,2006,8.7,0.02,KGZ,9.0
Kyrgyzstan,2007,8.02,0.02,KGZ,8.0
Kyrgyzstan,2008,7.94,0.02,KGZ,8.0
Kyrgyzstan,2009,7.85,0.02,KGZ,8.0
Kyrgyzstan,2010,16.76,0.03,KGZ,17.0
Kyrgyzstan,2011,8.46,0.02,KGZ,8.0
Kyrgyzstan,2012,6.76,0.02,KGZ,7.0
Kyrgyzstan,2013,5.25,0.02,KGZ,5.0
Kyrgyzstan,2016,4.4,0.01,KGZ,4.0
Latvia,2003,8.76,0.03,LVA,9.0
Latvia,2004,7.94,0.02,LVA,8.0
Latvia,2005,5.6,0.02,LVA,6.0
Latvia,2006,5.75,0.02,LVA,6.0
Latvia,2007,4.28,0.01,LVA,4.0
Latvia,2008,4.56,0.01,LVA,5.0
Latvia,2009,5.04,0.02,LVA,5.0
Latvia,2010,3.3,0.01,LVA,3.0
Latvia,2011,3.3,0.01,LVA,3.0
Latvia,2012,3.38,0.01,LVA,3.0
Latvia,2013,2.45,0.01,LVA,2.0
Latvia,2014,3.17,0.01,LVA,3.0
Latvia,2015,3.35,0.01,LVA,3.0
Latvia,2016,3.49,0.01,LVA,3.0
Latvia,2017,4.15,0.01,LVA,4.0
Lebanon,2015,3.54,0.03,LBN,4.0
Lesotho,2007,45.04,0.01,LSO,45.0
Lesotho,2008,37.84,0.01,LSO,38.0
Lesotho,2009,36.33,0.01,LSO,36.0
Liechtenstein,2004,2.9,0.0,LIE,3.0
Liechtenstein,2008,2.82,0.0,LIE,3.0
Liechtenstein,2010,2.78,0.0,LIE,3.0
Liechtenstein,2014,2.69,0.0,LIE,3.0
Lithuania,2003,10.08,0.05,LTU,10.0
Lithuania,2004,10.14,0.05,LTU,10.0
Lithuania,2005,11.12,0.05,LTU,11.0
Lithuania,2006,8.72,0.04,LTU,9.0
Lithuania,2007,8.5,0.04,LTU,8.0
Lithuania,2008,9.28,0.03,LTU,9.0
Lithuania,2009,7.96,0.03,LTU,8.0
Lithuania,2010,7.01,0.03,LTU,7.0
Lithuania,2011,6.84,0.03,LTU,7.0
Lithuania,2012,6.63,0.02,LTU,7.0
Lithuania,2013,6.58,0.02,LTU,7.0
Lithuania,2014,5.35,0.02,LTU,5.0
Lithuania,2015,5.87,0.02,LTU,6.0
Lithuania,2016,5.29,0.01,LTU,5.0
Lithuania,2017,4.53,0.01,LTU,5.0
Luxembourg,2006,1.5,0.0,LUX,2.0
Luxembourg,2007,1.47,0.0,LUX,1.0
Luxembourg,2008,1.65,0.0,LUX,2.0
Luxembourg,2009,1.01,0.0,LUX,1.0
Luxembourg,2010,1.97,0.0,LUX,2.0
Luxembourg,2011,0.77,0.0,LUX,1.0
Luxembourg,2013,0.18,0.01,LUX,0.0
Luxembourg,2014,0.72,0.01,LUX,1.0
Luxembourg,2015,0.88,0.01,LUX,1.0
Luxembourg,2016,0.86,0.0,LUX,1.0
Luxembourg,2017,0.34,0.0,LUX,0.0
Malaysia,2005,2.35,0.15,MYS,2.0
Malaysia,2006,2.24,0.21,MYS,2.0
Maldives,2003,1.32,0.0,MDV,1.0
Maldives,2007,0.9,0.0,MDV,1.0
Maldives,2008,1.46,0.01,MDV,1.0
Maldives,2009,1.7,0.01,MDV,2.0
Maldives,2010,1.64,0.01,MDV,2.0
Maldives,2011,0.79,0.01,MDV,1.0
Maldives,2012,2.52,0.01,MDV,3.0
Maldives,2013,0.72,0.01,MDV,1.0
Malta,2004,1.74,0.0,MLT,2.0
Malta,2005,0.99,0.0,MLT,1.0
Malta,2007,0.98,0.0,MLT,1.0
Malta,2008,1.47,0.0,MLT,1.0
Malta,2009,0.97,0.0,MLT,1.0
Malta,2010,0.97,0.0,MLT,1.0
Malta,2011,0.72,0.0,MLT,1.0
Malta,2012,2.84,0.0,MLT,3.0
Malta,2013,1.64,0.0,MLT,2.0
Malta,2014,1.39,0.0,MLT,1.0
Malta,2015,0.92,0.0,MLT,1.0
Mauritius,2003,3.23,0.01,MUS,3.0
Mauritius,2004,2.88,0.01,MUS,3.0
Mauritius,2005,3.03,0.01,MUS,3.0
Mauritius,2006,4.07,0.01,MUS,4.0
Mauritius,2007,3.65,0.02,MUS,4.0
Mauritius,2008,3.87,0.01,MUS,4.0
Mauritius,2009,3.05,0.01,MUS,3.0
Mauritius,2010,2.64,0.01,MUS,3.0
Mauritius,2011,2.56,0.01,MUS,3.0
Mexico,2004,8.93,5.15,MEX,4.0
Mexico,2005,9.36,5.16,MEX,4.0
Mexico,2006,9.72,5.45,MEX,4.0
Mexico,2007,8.12,6.11,MEX,2.0
Mexico,2008,12.64,6.57,MEX,6.0
Mexico,2009,17.61,6.81,MEX,11.0
Mexico,2010,22.58,7.38,MEX,15.0
Mexico,2011,23.52,7.52,MEX,16.0
Mexico,2012,22.14,7.47,MEX,15.0
Mexico,2013,19.41,1.76,MEX,18.0
Mexico,2014,16.63,1.67,MEX,15.0
Mexico,2015,17.04,0.96,MEX,16.0
Mexico,2016,19.91,1.59,MEX,18.0
Mexico,2017,25.71,2.24,MEX,23.0
Monaco,2005,2.95,0.0,MCO,3.0
Monaco,2006,2.92,0.0,MCO,3.0
Mongolia,2003,13.89,0.01,MNG,14.0
Mongolia,2004,13.34,0.01,MNG,13.0
Mongolia,2005,15.75,0.01,MNG,16.0
Mongolia,2006,13.13,0.0,MNG,13.0
Mongolia,2007,11.37,0.01,MNG,11.0
Mongolia,2008,8.06,0.01,MNG,8.0
Mongolia,2009,8.19,0.01,MNG,8.0
Mongolia,2010,8.79,0.01,MNG,9.0
Mongolia,2011,9.6,0.01,MNG,10.0
Mongolia,2012,7.05,0.01,MNG,7.0
Mongolia,2013,7.11,0.01,MNG,7.0
Mongolia,2014,7.24,0.01,MNG,7.0
Mongolia,2015,7.14,0.01,MNG,7.0
Mongolia,2016,6.02,0.0,MNG,6.0
Mongolia,2017,6.13,0.01,MNG,6.0
Montenegro,2003,3.26,0.0,MNE,3.0
Montenegro,2004,2.28,0.0,MNE,2.0
Montenegro,2005,3.57,0.0,MNE,4.0
Montenegro,2006,4.05,0.0,MNE,4.0
Montenegro,2007,1.94,0.0,MNE,2.0
Montenegro,2008,3.86,0.0,MNE,4.0
Montenegro,2009,3.37,0.0,MNE,3.0
Montenegro,2010,2.4,0.0,MNE,2.0
Montenegro,2011,3.36,0.0,MNE,3.0
Montenegro,2012,2.72,0.0,MNE,3.0
Montenegro,2013,1.6,0.0,MNE,2.0
Montenegro,2014,3.19,0.0,MNE,3.0
Montenegro,2015,2.71,0.0,MNE,3.0
Montenegro,2016,4.46,0.0,MNE,4.0
Montenegro,2017,2.39,0.0,MNE,2.0
Morocco,2003,1.71,0.16,MAR,2.0
Morocco,2004,1.56,0.15,MAR,1.0
Morocco,2005,1.54,0.15,MAR,1.0
Morocco,2006,1.62,0.22,MAR,1.0
Morocco,2007,1.66,0.22,MAR,1.0
Morocco,2008,1.35,0.23,MAR,1.0
Morocco,2009,1.35,0.26,MAR,1.0
Morocco,2013,1.27,0.15,MAR,1.0
Morocco,2015,1.24,0.19,MAR,1.0
Morocco,2016,1.69,0.19,MAR,2.0
Morocco,2017,2.14,0.48,MAR,2.0
Mozambique,2004,5.68,0.08,MOZ,6.0
Mozambique,2005,5.31,0.07,MOZ,5.0
Mozambique,2006,4.24,0.06,MOZ,4.0
Mozambique,2007,3.92,0.06,MOZ,4.0
Mozambique,2008,4.47,0.06,MOZ,4.0
Mozambique,2009,3.59,0.05,MOZ,4.0
Myanmar,2009,1.75,0.0,MMR,2.0
Myanmar,2010,1.58,0.0,MMR,2.0
Myanmar,2011,2.07,0.0,MMR,2.0
Myanmar,2012,2.79,0.0,MMR,3.0
Myanmar,2013,2.39,0.0,MMR,2.0
Myanmar,2014,2.35,0.0,MMR,2.0
Myanmar,2015,2.19,0.0,MMR,2.0
Myanmar,2016,2.26,0.0,MMR,2.0
Nepal,2005,3.41,0.0,NPL,3.0
Nepal,2006,2.34,0.0,NPL,2.0
Nepal,2016,2.3,0.0,NPL,2.0
Netherlands,2003,1.25,0.21,NLD,1.0
Netherlands,2004,1.17,0.18,NLD,1.0
Netherlands,2005,1.06,0.16,NLD,1.0
Netherlands,2006,0.78,0.14,NLD,1.0
Netherlands,2007,0.87,0.14,NLD,1.0
Netherlands,2008,0.91,0.13,NLD,1.0
Netherlands,2009,0.93,0.16,NLD,1.0
Netherlands,2010,0.86,0.16,NLD,1.0
Netherlands,2011,0.85,0.15,NLD,1.0
Netherlands,2012,0.86,0.15,NLD,1.0
Netherlands,2013,0.74,0.13,NLD,1.0
Netherlands,2014,0.73,0.1,NLD,1.0
Netherlands,2015,0.61,0.1,NLD,1.0
Netherlands,2016,0.55,0.09,NLD,0.0
Netherlands,2017,0.78,0.08,NLD,1.0
New Zealand,2005,1.48,0.02,NZL,1.0
New Zealand,2006,1.17,0.03,NZL,1.0
New Zealand,2007,1.13,0.03,NZL,1.0
New Zealand,2008,1.19,0.03,NZL,1.0
New Zealand,2009,1.55,0.03,NZL,2.0
New Zealand,2010,0.98,0.02,NZL,1.0
New Zealand,2011,0.88,0.02,NZL,1.0
New Zealand,2012,0.92,0.02,NZL,1.0
New Zealand,2013,1.02,0.02,NZL,1.0
New Zealand,2014,0.94,0.02,NZL,1.0
New Zealand,2015,1.04,0.03,NZL,1.0
New Zealand,2016,1.07,0.04,NZL,1.0
New Zealand,2017,0.74,0.04,NZL,1.0
Nicaragua,2005,13.4,0.21,NIC,13.0
Nicaragua,2006,13.09,0.24,NIC,13.0
Nicaragua,2010,13.48,0.28,NIC,13.0
North Macedonia,2005,2.14,0.01,MKD,2.0
North Macedonia,2006,2.23,0.0,MKD,2.0
North Macedonia,2007,2.03,0.01,MKD,2.0
North Macedonia,2008,1.69,0.0,MKD,2.0
North Macedonia,2009,1.69,0.01,MKD,2.0
North Macedonia,2010,2.08,0.01,MKD,2.0
North Macedonia,2011,1.45,0.01,MKD,1.0
North Macedonia,2012,1.4,0.0,MKD,1.0
North Macedonia,2013,1.06,0.0,MKD,1.0
North Macedonia,2014,1.68,0.0,MKD,2.0
North Macedonia,2015,1.2,0.0,MKD,1.0
North Macedonia,2016,0.91,0.0,MKD,1.0
North Macedonia,2017,1.49,0.0,MKD,1.0
Norway,2003,1.12,0.01,NOR,1.0
Norway,2004,0.78,0.02,NOR,1.0
Norway,2005,0.71,0.01,NOR,1.0
Norway,2006,0.71,0.01,NOR,1.0
Norway,2007,0.64,0.01,NOR,1.0
Norway,2008,0.71,0.02,NOR,1.0
Norway,2009,0.6,0.02,NOR,1.0
Norway,2010,0.59,0.02,NOR,1.0
Norway,2011,2.24,0.02,NOR,2.0
Norway,2012,0.54,0.01,NOR,1.0
Norway,2013,0.91,0.02,NOR,1.0
Norway,2014,0.56,0.01,NOR,1.0
Norway,2015,0.46,0.01,NOR,0.0
Norway,2016,0.51,0.01,NOR,0.0
Norway,2017,0.53,0.01,NOR,1.0
Oman,2007,1.39,0.0,OMN,1.0
Oman,2008,1.71,0.0,OMN,2.0
Oman,2014,0.3,0.0,OMN,0.0
Oman,2015,0.37,0.0,OMN,0.0
Oman,2016,0.4,0.0,OMN,0.0
Oman,2017,0.51,0.0,OMN,1.0
Pakistan,2010,7.35,0.18,PAK,7.0
Pakistan,2011,7.56,0.21,PAK,7.0
Pakistan,2012,7.39,0.17,PAK,7.0
Pakistan,2013,7.29,0.17,PAK,7.0
Pakistan,2014,6.8,0.18,PAK,7.0
Pakistan,2015,4.76,0.15,PAK,5.0
Pakistan,2016,4.18,0.13,PAK,4.0
Pakistan,2017,3.96,0.12,PAK,4.0
Panama,2004,9.42,0.05,PAN,9.0
Panama,2005,10.93,0.05,PAN,11.0
Panama,2006,6.52,0.06,PAN,6.0
Panama,2007,8.08,0.06,PAN,8.0
Panama,2008,14.02,0.08,PAN,14.0
Panama,2009,15.7,0.08,PAN,16.0
Panama,2010,12.63,0.1,PAN,13.0
Panama,2011,14.81,0.1,PAN,15.0
Panama,2012,16.89,0.1,PAN,17.0
Panama,2013,17.29,0.09,PAN,17.0
Panama,2014,15.48,0.1,PAN,15.0
Panama,2015,11.87,0.08,PAN,12.0
Panama,2016,10.03,0.08,PAN,10.0
Panama,2017,9.67,0.1,PAN,10.0
Paraguay,2006,12.55,0.09,PRY,12.0
Paraguay,2007,13.05,0.11,PRY,13.0
Paraguay,2008,13.7,0.11,PRY,14.0
Paraguay,2009,13.32,0.13,PRY,13.0
Paraguay,2010,11.86,0.14,PRY,12.0
Paraguay,2011,10.37,0.14,PRY,10.0
Paraguay,2012,10.11,0.15,PRY,10.0
Paraguay,2013,9.28,0.18,PRY,9.0
Paraguay,2014,8.76,0.2,PRY,9.0
Paraguay,2015,9.22,0.21,PRY,9.0
Paraguay,2016,9.87,0.22,PRY,10.0
Paraguay,2017,7.88,0.02,PRY,8.0
Peru,2011,5.53,0.65,PER,5.0
Peru,2012,6.67,0.76,PER,6.0
Peru,2013,6.76,0.8,PER,6.0
Peru,2014,6.9,0.78,PER,6.0
Peru,2015,7.37,0.83,PER,7.0
Peru,2016,7.87,0.77,PER,7.0
Peru,2017,7.91,0.7,PER,7.0
Philippines,2003,7.75,0.08,PHL,8.0
Philippines,2004,7.49,0.08,PHL,7.0
Philippines,2005,7.45,0.08,PHL,7.0
Philippines,2006,7.05,0.07,PHL,7.0
Philippines,2007,6.67,0.07,PHL,7.0
Philippines,2008,6.4,0.07,PHL,6.0
Philippines,2009,9.83,0.45,PHL,9.0
Philippines,2010,9.2,0.36,PHL,9.0
Philippines,2011,8.88,0.31,PHL,9.0
Philippines,2012,8.73,0.27,PHL,8.0
Philippines,2013,9.26,0.49,PHL,9.0
Philippines,2014,9.71,0.44,PHL,9.0
Philippines,2015,9.45,0.32,PHL,9.0
Philippines,2016,10.98,0.21,PHL,11.0
Philippines,2017,8.39,0.16,PHL,8.0
Poland,2003,1.72,0.52,POL,1.0
Poland,2004,1.65,0.49,POL,1.0
Poland,2005,1.45,0.42,POL,1.0
Poland,2006,1.28,0.35,POL,1.0
Poland,2007,1.37,0.23,POL,1.0
Poland,2008,0.85,0.21,POL,1.0
Poland,2009,1.01,0.19,POL,1.0
Poland,2010,1.0,0.19,POL,1.0
Poland,2011,1.1,0.18,POL,1.0
Poland,2012,1.07,0.17,POL,1.0
Poland,2013,0.8,0.2,POL,1.0
Poland,2014,0.75,0.14,POL,1.0
Poland,2015,0.78,0.1,POL,1.0
Poland,2016,0.68,0.1,POL,1.0
Poland,2017,0.76,0.08,POL,1.0
Portugal,2003,1.43,0.2,PRT,1.0
Portugal,2004,1.38,0.21,PRT,1.0
Portugal,2005,1.28,0.2,PRT,1.0
Portugal,2006,1.47,0.21,PRT,1.0
Portugal,2007,1.75,0.18,PRT,2.0
Portugal,2008,1.17,0.21,PRT,1.0
Portugal,2009,1.23,0.2,PRT,1.0
Portugal,2010,1.17,0.2,PRT,1.0
Portugal,2011,1.08,0.2,PRT,1.0
Portugal,2012,1.16,0.19,PRT,1.0
Portugal,2013,1.37,0.17,PRT,1.0
Portugal,2014,0.88,0.16,PRT,1.0
Portugal,2015,0.96,0.15,PRT,1.0
Portugal,2016,0.64,0.13,PRT,1.0
Portugal,2017,0.74,0.12,PRT,1.0
Qatar,2004,0.66,0.0,QAT,1.0
Republic of Moldova,2005,7.12,0.0,MDA,7.0
Republic of Moldova,2006,6.32,0.0,MDA,6.0
Republic of Moldova,2007,5.25,0.0,MDA,5.0
Republic of Moldova,2008,5.74,0.0,MDA,6.0
Republic of Moldova,2009,6.0,0.0,MDA,6.0
Republic of Moldova,2010,6.49,0.0,MDA,6.0
Republic of Moldova,2011,5.3,0.0,MDA,5.0
Republic of Moldova,2012,5.62,0.0,MDA,6.0
Republic of Moldova,2013,4.15,0.0,MDA,4.0
Republic of Moldova,2014,4.3,0.0,MDA,4.0
Romania,2003,3.2,0.03,ROU,3.0
Romania,2004,2.26,0.03,ROU,2.0
Romania,2005,2.02,0.03,ROU,2.0
Romania,2006,1.68,0.04,ROU,2.0
Romania,2007,1.8,0.02,ROU,2.0
Romania,2008,1.45,0.02,ROU,1.0
Romania,2009,1.25,0.03,ROU,1.0
Romania,2010,1.3,0.02,ROU,1.0
Romania,2011,1.01,0.02,ROU,1.0
Romania,2012,1.05,0.03,ROU,1.0
Romania,2013,1.08,0.03,ROU,1.0
Romania,2014,1.62,0.06,ROU,2.0
Romania,2015,1.7,0.03,ROU,2.0
Romania,2016,1.55,0.03,ROU,2.0
Romania,2017,1.3,0.03,ROU,1.0
Russian Federation,2004,27.25,2.51,RUS,25.0
Russian Federation,2005,24.8,3.44,RUS,21.0
Russian Federation,2006,20.11,3.57,RUS,17.0
Russian Federation,2007,17.71,2.95,RUS,15.0
Russian Federation,2008,12.7,2.44,RUS,10.0
Russian Federation,2009,12.32,2.05,RUS,10.0
Russian Federation,2010,11.63,1.65,RUS,10.0
Russian Federation,2011,11.26,1.28,RUS,10.0
Russian Federation,2012,11.28,1.1,RUS,10.0
Russian Federation,2013,11.11,0.16,RUS,11.0
Russian Federation,2014,11.42,0.14,RUS,11.0
Russian Federation,2015,11.48,0.14,RUS,11.0
Russian Federation,2016,10.92,0.11,RUS,11.0
Russian Federation,2017,9.13,0.09,RUS,9.0
Rwanda,2008,1.51,0.02,RWA,1.0
Rwanda,2010,2.9,0.02,RWA,3.0
Rwanda,2012,2.43,0.03,RWA,2.0
Rwanda,2013,3.32,0.03,RWA,3.0
Saint Kitts and Nevis,2009,55.56,0.0,KNA,56.0
Saint Kitts and Nevis,2010,42.85,0.0,KNA,43.0
Saint Kitts and Nevis,2011,68.77,0.0,KNA,69.0
Saint Vincent and the Grenadines,2004,26.72,0.0,VCT,27.0
Saint Vincent and the Grenadines,2005,23.94,0.0,VCT,24.0
Saint Vincent and the Grenadines,2006,18.42,0.0,VCT,18.0
Saint Vincent and the Grenadines,2007,36.86,0.0,VCT,37.0
Saint Vincent and the Grenadines,2008,14.76,0.0,VCT,15.0
Saint Vincent and the Grenadines,2009,21.24,0.0,VCT,21.0
Saint Vincent and the Grenadines,2010,23.09,0.0,VCT,23.0
Saint Vincent and the Grenadines,2011,19.39,0.0,VCT,19.0
Saint Vincent and the Grenadines,2012,25.82,0.0,VCT,26.0
Saint Vincent and the Grenadines,2016,36.54,0.0,VCT,37.0
Sao Tome and Principe,2006,2.47,0.0,STP,2.0
Sao Tome and Principe,2007,2.41,0.0,STP,2.0
Sao Tome and Principe,2008,8.18,0.0,STP,8.0
Sao Tome and Principe,2009,2.84,0.0,STP,3.0
Sao Tome and Principe,2010,3.33,0.0,STP,3.0
Sao Tome and Principe,2011,3.25,0.0,STP,3.0
Saudi Arabia,2017,1.27,0.03,SAU,1.0
Senegal,2015,0.27,0.03,SEN,0.0
Serbia,2005,1.6,0.03,SRB,2.0
Serbia,2006,1.71,0.04,SRB,2.0
Serbia,2007,1.88,0.04,SRB,2.0
Serbia,2008,1.55,0.04,SRB,2.0
Serbia,2009,1.71,0.05,SRB,2.0
Serbia,2010,1.45,0.04,SRB,1.0
Serbia,2011,1.51,0.04,SRB,1.0
Serbia,2012,1.24,0.04,SRB,1.0
Serbia,2013,1.59,0.04,SRB,2.0
Serbia,2014,1.35,0.03,SRB,1.0
Serbia,2015,1.17,0.03,SRB,1.0
Serbia,2016,1.39,0.02,SRB,1.0
Serbia,2017,1.06,0.02,SRB,1.0
Sierra Leone,2007,2.24,0.0,SLE,2.0
Sierra Leone,2008,3.0,0.0,SLE,3.0
Singapore,2003,0.65,0.01,SGP,1.0
Singapore,2004,0.48,0.01,SGP,0.0
Singapore,2005,0.49,0.01,SGP,0.0
Singapore,2006,0.39,0.01,SGP,0.0
Singapore,2007,0.39,0.01,SGP,0.0
Singapore,2008,0.57,0.01,SGP,1.0
Singapore,2009,0.4,0.01,SGP,0.0
Singapore,2010,0.37,0.01,SGP,0.0
Singapore,2011,0.3,0.0,SGP,0.0
Singapore,2012,0.2,0.0,SGP,0.0
Singapore,2013,0.31,0.0,SGP,0.0
Singapore,2014,0.25,0.0,SGP,0.0
Singapore,2015,0.25,0.0,SGP,0.0
Singapore,2016,0.32,0.0,SGP,0.0
Singapore,2017,0.19,0.0,SGP,0.0
Slovakia,2003,2.54,0.02,SVK,3.0
Slovakia,2004,2.0,0.02,SVK,2.0
Slovakia,2005,1.72,0.02,SVK,2.0
Slovakia,2006,1.52,0.02,SVK,2.0
Slovakia,2007,1.52,0.01,SVK,2.0
Slovakia,2008,1.59,0.01,SVK,2.0
Slovakia,2009,1.44,0.01,SVK,1.0
Slovakia,2010,1.52,0.01,SVK,2.0
Slovakia,2011,1.63,0.01,SVK,2.0
Slovakia,2012,1.16,0.01,SVK,1.0
Slovakia,2013,1.31,0.01,SVK,1.0
Slovakia,2014,1.27,0.01,SVK,1.0
Slovakia,2015,0.81,0.01,SVK,1.0
Slovakia,2016,1.05,0.01,SVK,1.0
Slovakia,2017,1.47,0.0,SVK,1.0
Slovenia,2003,1.06,0.0,SVN,1.0
Slovenia,2004,1.36,0.0,SVN,1.0
Slovenia,2005,1.0,0.0,SVN,1.0
Slovenia,2006,0.6,0.01,SVN,1.0
Slovenia,2007,1.19,0.0,SVN,1.0
Slovenia,2008,0.49,0.0,SVN,0.0
Slovenia,2009,0.64,0.0,SVN,1.0
Slovenia,2010,0.73,0.0,SVN,1.0
Slovenia,2011,0.78,0.0,SVN,1.0
Slovenia,2012,0.68,0.0,SVN,1.0
Slovenia,2013,0.58,0.0,SVN,1.0
Slovenia,2014,0.77,0.0,SVN,1.0
Slovenia,2015,0.97,0.0,SVN,1.0
Slovenia,2016,0.48,0.0,SVN,0.0
Slovenia,2017,0.92,0.0,SVN,1.0
Solomon Islands,2004,4.36,0.0,SLB,4.0
Solomon Islands,2005,5.53,0.0,SLB,6.0
Solomon Islands,2006,4.78,0.0,SLB,5.0
Solomon Islands,2007,5.28,0.0,SLB,5.0
Solomon Islands,2008,3.77,0.0,SLB,4.0
South Africa,2014,32.6,1.84,ZAF,31.0
South Africa,2015,33.8,1.87,ZAF,32.0
South Africa,2016,34.0,1.94,ZAF,32.0
South Africa,2017,35.9,1.89,ZAF,34.0
Spain,2008,0.88,0.71,ESP,0.0
Spain,2009,0.88,0.65,ESP,0.0
Spain,2010,0.85,0.84,ESP,0.0
Spain,2011,0.82,0.88,ESP,-0.0
Spain,2012,0.77,0.97,ESP,-0.0
Spain,2013,0.64,0.86,ESP,-0.0
Spain,2014,0.69,0.71,ESP,-0.0
Spain,2015,0.65,0.65,ESP,0.0
Spain,2016,0.63,0.71,ESP,-0.0
Spain,2017,0.66,0.67,ESP,-0.0
Sri Lanka,2003,6.81,0.07,LKA,7.0
Sri Lanka,2004,7.1,0.08,LKA,7.0
Sri Lanka,2008,10.02,0.07,LKA,10.0
Sri Lanka,2009,5.46,0.06,LKA,5.0
Sri Lanka,2010,3.77,0.06,LKA,4.0
Sri Lanka,2011,3.59,0.06,LKA,4.0
Sri Lanka,2012,3.29,0.07,LKA,3.0
Sri Lanka,2013,3.0,0.05,LKA,3.0
Sri Lanka,2014,2.66,0.04,LKA,3.0
Sri Lanka,2015,2.33,0.04,LKA,2.0
Sri Lanka,2016,2.52,0.03,LKA,2.0
Sudan,2008,5.15,0.03,SDN,5.0
Sweden,2003,0.95,0.09,SWE,1.0
Sweden,2004,1.19,0.09,SWE,1.0
Sweden,2005,0.92,0.09,SWE,1.0
Sweden,2006,1.0,0.09,SWE,1.0
Sweden,2007,1.21,0.09,SWE,1.0
Sweden,2008,0.89,0.09,SWE,1.0
Sweden,2009,1.0,0.1,SWE,1.0
Sweden,2010,0.97,0.09,SWE,1.0
Sweden,2011,0.86,0.1,SWE,1.0
Sweden,2012,0.71,0.09,SWE,1.0
Sweden,2013,0.9,0.08,SWE,1.0
Sweden,2014,0.9,0.08,SWE,1.0
Sweden,2015,1.15,0.08,SWE,1.0
Sweden,2016,1.08,0.09,SWE,1.0
Sweden,2017,1.14,0.09,SWE,1.0
Switzerland,2003,1.0,0.04,CHE,1.0
Switzerland,2004,1.07,0.03,CHE,1.0
Switzerland,2005,1.02,0.04,CHE,1.0
Switzerland,2006,0.8,0.04,CHE,1.0
Switzerland,2007,0.68,0.04,CHE,1.0
Switzerland,2008,0.71,0.04,CHE,1.0
Switzerland,2009,0.66,0.05,CHE,1.0
Switzerland,2010,0.67,0.04,CHE,1.0
Switzerland,2011,0.58,0.05,CHE,1.0
Switzerland,2012,0.56,0.06,CHE,0.0
Switzerland,2013,0.7,0.03,CHE,1.0
Switzerland,2014,0.5,0.02,CHE,0.0
Switzerland,2015,0.69,0.02,CHE,1.0
Switzerland,2016,0.54,0.02,CHE,1.0
Switzerland,2017,0.53,0.02,CHE,1.0
Syrian Arab Republic,2003,2.33,0.01,SYR,2.0
Syrian Arab Republic,2004,2.39,0.01,SYR,2.0
Syrian Arab Republic,2005,2.34,0.01,SYR,2.0
Syrian Arab Republic,2006,2.34,0.01,SYR,2.0
Syrian Arab Republic,2007,2.68,0.01,SYR,3.0
Syrian Arab Republic,2008,2.56,0.01,SYR,3.0
Tajikistan,2006,2.8,0.0,TJK,3.0
Tajikistan,2007,1.87,0.0,TJK,2.0
Tajikistan,2008,1.39,0.0,TJK,1.0
Tajikistan,2009,1.32,0.0,TJK,1.0
Tajikistan,2010,2.4,0.0,TJK,2.0
Tajikistan,2011,1.64,0.0,TJK,2.0
Thailand,2007,6.7,0.01,THA,7.0
Thailand,2008,5.97,0.01,THA,6.0
Thailand,2009,5.54,0.01,THA,6.0
Thailand,2010,5.44,0.02,THA,5.0
Thailand,2011,4.9,0.01,THA,5.0
Thailand,2012,4.9,0.02,THA,5.0
Thailand,2013,4.25,0.02,THA,4.0
Thailand,2014,3.87,0.01,THA,4.0
Thailand,2015,3.47,0.01,THA,3.0
Thailand,2016,3.23,0.01,THA,3.0
Trinidad and Tobago,2004,20.15,0.04,TTO,20.0
Trinidad and Tobago,2005,29.77,0.05,TTO,30.0
Trinidad and Tobago,2006,28.48,0.06,TTO,28.0
Trinidad and Tobago,2007,29.88,0.05,TTO,30.0
Trinidad and Tobago,2008,41.61,0.05,TTO,42.0
Trinidad and Tobago,2009,38.38,0.06,TTO,38.0
Trinidad and Tobago,2010,35.61,0.05,TTO,36.0
Trinidad and Tobago,2011,26.34,0.04,TTO,26.0
Trinidad and Tobago,2012,28.26,0.04,TTO,28.0
Trinidad and Tobago,2013,30.07,0.03,TTO,30.0
Trinidad and Tobago,2014,29.73,0.03,TTO,30.0
Trinidad and Tobago,2015,30.65,0.02,TTO,31.0
Turkey,2003,4.29,0.17,TUR,4.0
Turkey,2004,4.35,0.1,TUR,4.0
Turkey,2005,4.87,0.14,TUR,5.0
Turkey,2006,4.61,0.21,TUR,4.0
Turkey,2007,5.17,0.13,TUR,5.0
Turkey,2008,4.63,0.09,TUR,5.0
Turkey,2009,5.18,0.09,TUR,5.0
Turkey,2010,4.24,0.09,TUR,4.0
Turkey,2011,4.17,0.1,TUR,4.0
Turkey,2012,4.31,0.1,TUR,4.0
Turkey,2015,2.85,0.34,TUR,3.0
Turkey,2016,3.34,0.27,TUR,3.0
Turkmenistan,2003,5.0,0.0,TKM,5.0
Turkmenistan,2004,4.44,0.0,TKM,4.0
Turkmenistan,2005,4.33,0.0,TKM,4.0
Turkmenistan,2006,4.22,0.0,TKM,4.0
Uganda,2003,8.22,0.04,UGA,8.0
Uganda,2004,7.64,0.05,UGA,8.0
Uganda,2005,9.0,0.07,UGA,9.0
Uganda,2006,9.44,0.08,UGA,9.0
Uganda,2007,8.97,0.06,UGA,9.0
Uganda,2008,9.18,0.04,UGA,9.0
Uganda,2009,10.29,0.08,UGA,10.0
Uganda,2010,9.74,0.06,UGA,10.0
Uganda,2011,11.21,0.04,UGA,11.0
Uganda,2012,11.77,0.04,UGA,12.0
Uganda,2013,10.81,0.04,UGA,11.0
Uganda,2014,12.12,0.04,UGA,12.0
Uganda,2016,11.3,0.07,UGA,11.0
Uganda,2017,11.5,0.07,UGA,11.0
Ukraine,2003,8.49,0.36,UKR,8.0
Ukraine,2004,7.38,0.41,UKR,7.0
Ukraine,2005,6.46,0.47,UKR,6.0
Ukraine,2006,6.35,0.42,UKR,6.0
Ukraine,2007,5.71,0.32,UKR,5.0
Ukraine,2008,5.34,0.37,UKR,5.0
Ukraine,2009,4.87,0.28,UKR,5.0
Ukraine,2010,4.34,0.23,UKR,4.0
Ukraine,2017,6.18,0.21,UKR,6.0
United Arab Emirates,2003,1.21,0.0,ARE,1.0
United Arab Emirates,2004,0.66,0.0,ARE,1.0
United Arab Emirates,2005,1.22,0.0,ARE,1.0
United Arab Emirates,2006,0.74,0.01,ARE,1.0
United Arab Emirates,2012,0.75,0.0,ARE,1.0
United Arab Emirates,2013,0.62,0.01,ARE,1.0
United Arab Emirates,2014,0.66,0.01,ARE,1.0
United Arab Emirates,2015,0.65,0.01,ARE,1.0
United Arab Emirates,2016,0.71,0.01,ARE,1.0
United Arab Emirates,2017,0.46,0.02,ARE,0.0
United Kingdom of Great Britain and Northern Ireland,2003,1.55,0.1,GBR,1.0
United Kingdom of Great Britain and Northern Ireland,2004,1.59,0.09,GBR,2.0
United Kingdom of Great Britain and Northern Ireland,2005,1.38,0.09,GBR,1.0
United Kingdom of Great Britain and Northern Ireland,2006,1.41,0.1,GBR,1.0
United Kingdom of Great Britain and Northern Ireland,2007,1.42,0.02,GBR,1.0
United Kingdom of Great Britain and Northern Ireland,2008,1.23,0.03,GBR,1.0
United Kingdom of Great Britain and Northern Ireland,2009,1.12,0.03,GBR,1.0
United Kingdom of Great Britain and Northern Ireland,2010,1.19,0.03,GBR,1.0
United Kingdom of Great Britain and Northern Ireland,2011,1.0,0.03,GBR,1.0
United Kingdom of Great Britain and Northern Ireland,2012,0.97,0.02,GBR,1.0
United Kingdom of Great Britain and Northern Ireland,2013,0.93,0.02,GBR,1.0
United Kingdom of Great Britain and Northern Ireland,2014,0.9,0.02,GBR,1.0
United Kingdom of Great Britain and Northern Ireland,2015,0.99,0.02,GBR,1.0
United Kingdom of Great Britain and Northern Ireland,2016,1.19,0.02,GBR,1.0
United Kingdom of Great Britain and Northern Ireland,2017,1.2,0.03,GBR,1.0
United Republic of Tanzania,2010,8.77,0.12,TZA,9.0
United Republic of Tanzania,2011,9.08,0.12,TZA,9.0
United Republic of Tanzania,2012,8.7,0.12,TZA,9.0
United Republic of Tanzania,2013,7.63,0.11,TZA,8.0
United Republic of Tanzania,2014,7.81,0.1,TZA,8.0
United Republic of Tanzania,2015,7.28,0.09,TZA,7.0
United States of America,2003,5.7,4.14,USA,2.0
United States of America,2004,5.52,4.01,USA,2.0
United States of America,2005,5.67,4.17,USA,2.0
United States of America,2006,5.81,4.49,USA,1.0
United States of America,2007,5.7,4.47,USA,1.0
United States of America,2008,5.43,4.44,USA,1.0
United States of America,2009,5.03,4.09,USA,1.0
United States of America,2010,4.76,3.69,USA,1.0
United States of America,2011,4.71,3.55,USA,1.0
United States of America,2012,4.73,3.55,USA,1.0
United States of America,2013,4.53,3.45,USA,1.0
United States of America,2014,4.44,3.23,USA,1.0
United States of America,2015,4.95,3.28,USA,2.0
United States of America,2016,5.39,3.33,USA,2.0
United States of America,2017,5.32,3.19,USA,2.0
Uruguay,2003,5.93,0.1,URY,6.0
Uruguay,2004,6.02,0.09,URY,6.0
Uruguay,2005,5.72,0.1,URY,6.0
Uruguay,2006,6.07,0.09,URY,6.0
Uruguay,2007,5.82,0.09,URY,6.0
Uruguay,2008,6.62,0.11,URY,7.0
Uruguay,2009,6.75,0.11,URY,7.0
Uruguay,2010,6.1,0.14,URY,6.0
Uruguay,2011,5.91,0.15,URY,6.0
Uruguay,2012,7.9,0.15,URY,8.0
Uruguay,2013,7.67,0.17,URY,8.0
Uruguay,2014,7.88,0.19,URY,8.0
Uruguay,2015,8.59,0.19,URY,8.0
Uruguay,2016,7.83,0.19,URY,8.0
Uruguay,2017,8.26,0.18,URY,8.0
Uzbekistan,2014,1.48,0.01,UZB,1.0
Uzbekistan,2015,1.64,0.01,UZB,2.0
Uzbekistan,2016,1.41,0.01,UZB,1.0
Uzbekistan,2017,1.14,0.01,UZB,1.0
Yemen,2006,4.33,0.0,YEM,4.0
Yemen,2007,3.99,0.0,YEM,4.0
Yemen,2008,3.99,0.0,YEM,4.0
Yemen,2009,4.4,0.0,YEM,4.0
Zimbabwe,2003,11.35,0.14,ZWE,11.0
Zimbabwe,2004,11.28,0.13,ZWE,11.0
Zimbabwe,2005,11.18,0.11,ZWE,11.0
Zimbabwe,2006,8.82,0.12,ZWE,9.0
